customer_id,lifecycle_segment,city,age_band
C0001,new,Bangalore,25-34
C0002,new,Bangalore,45-54
C0003,new,Bangalore,45-54
C0004,new,Bangalore,45-54
C0005,new,Bangalore,25-34
C0006,new,Hyderabad,45-54
C0007,new,Bangalore,25-34
C0008,new,Bangalore,35-44
C0009,new,Hyderabad,25-34
C0010,new,Bangalore,45-54
C0011,new,Bangalore,45-54
C0012,new,Hyderabad,35-44
C0013,new,Hyderabad,25-34
C0014,new,Bangalore,25-34
C0015,new,Hyderabad,35-44
C0016,new,Bangalore,45-54
C0017,new,Hyderabad,45-54
C0018,new,Hyderabad,45-54
C0019,new,Hyderabad,45-54
C0020,new,Bangalore,25-34
C0021,new,Hyderabad,35-44
C0022,new,Bangalore,45-54
C0023,new,Bangalore,45-54
C0024,new,Hyderabad,25-34
C0025,new,Bangalore,45-54
C0026,new,Bangalore,35-44
C0027,new,Hyderabad,25-34
C0028,new,Hyderabad,35-44
C0029,new,Bangalore,25-34
C0030,new,Bangalore,25-34
C0031,new,Bangalore,45-54
C0032,new,Bangalore,35-44
C0033,new,Bangalore,35-44
C0034,new,Hyderabad,25-34
C0035,new,Bangalore,45-54
C0036,new,Bangalore,25-34
C0037,new,Bangalore,45-54
C0038,new,Hyderabad,35-44
C0039,new,Bangalore,45-54
C0040,new,Bangalore,35-44
C0041,new,Hyderabad,35-44
C0042,new,Bangalore,45-54
C0043,new,Hyderabad,25-34
C0044,new,Bangalore,45-54
C0045,new,Hyderabad,35-44
C0046,new,Bangalore,35-44
C0047,new,Hyderabad,45-54
C0048,new,Bangalore,35-44
C0049,new,Hyderabad,25-34
C0050,new,Hyderabad,45-54
C0051,new,Bangalore,35-44
C0052,new,Bangalore,35-44
C0053,new,Bangalore,35-44
C0054,new,Hyderabad,45-54
C0055,new,Bangalore,45-54
C0056,new,Bangalore,35-44
C0057,new,Bangalore,35-44
C0058,new,Hyderabad,45-54
C0059,new,Hyderabad,35-44
C0060,new,Hyderabad,35-44
C0061,new,Bangalore,45-54
C0062,new,Bangalore,25-34
C0063,new,Bangalore,35-44
C0064,new,Bangalore,45-54
C0065,new,Bangalore,25-34
C0066,new,Hyderabad,25-34
C0067,new,Hyderabad,45-54
C0068,new,Bangalore,45-54
C0069,new,Hyderabad,35-44
C0070,new,Hyderabad,45-54
C0071,new,Hyderabad,35-44
C0072,new,Hyderabad,35-44
C0073,new,Bangalore,35-44
C0074,new,Hyderabad,45-54
C0075,new,Bangalore,35-44
C0076,new,Bangalore,35-44
C0077,new,Hyderabad,35-44
C0078,new,Hyderabad,25-34
C0079,new,Bangalore,45-54
C0080,new,Bangalore,25-34
C0081,new,Bangalore,25-34
C0082,new,Hyderabad,45-54
C0083,new,Bangalore,35-44
C0084,new,Hyderabad,45-54
C0085,new,Hyderabad,35-44
C0086,new,Bangalore,35-44
C0087,new,Bangalore,35-44
C0088,new,Hyderabad,45-54
C0089,new,Hyderabad,35-44
C0090,new,Hyderabad,35-44
C0091,new,Hyderabad,35-44
C0092,new,Hyderabad,35-44
C0093,new,Bangalore,25-34
C0094,new,Hyderabad,25-34
C0095,new,Bangalore,45-54
C0096,new,Bangalore,45-54
C0097,new,Hyderabad,35-44
C0098,new,Bangalore,25-34
C0099,new,Hyderabad,45-54
C0100,new,Hyderabad,35-44
C0101,new,Hyderabad,45-54
C0102,new,Hyderabad,25-34
C0103,new,Bangalore,35-44
C0104,new,Bangalore,45-54
C0105,new,Hyderabad,35-44
C0106,new,Hyderabad,35-44
C0107,new,Hyderabad,25-34
C0108,new,Bangalore,45-54
C0109,new,Hyderabad,35-44
C0110,new,Hyderabad,35-44
C0111,new,Hyderabad,35-44
C0112,new,Bangalore,35-44
C0113,new,Bangalore,45-54
C0114,new,Bangalore,25-34
C0115,new,Hyderabad,25-34
C0116,new,Bangalore,45-54
C0117,new,Bangalore,35-44
C0118,new,Bangalore,45-54
C0119,new,Hyderabad,45-54
C0120,new,Bangalore,35-44
C0121,new,Hyderabad,35-44
C0122,new,Hyderabad,25-34
C0123,new,Bangalore,35-44
C0124,new,Bangalore,45-54
C0125,new,Hyderabad,35-44
C0126,new,Hyderabad,35-44
C0127,new,Hyderabad,25-34
C0128,new,Bangalore,35-44
C0129,new,Bangalore,35-44
C0130,new,Bangalore,25-34
C0131,new,Bangalore,35-44
C0132,new,Hyderabad,45-54
C0133,new,Hyderabad,45-54
C0134,new,Hyderabad,35-44
C0135,new,Bangalore,45-54
C0136,new,Bangalore,45-54
C0137,new,Bangalore,45-54
C0138,new,Bangalore,45-54
C0139,new,Hyderabad,25-34
C0140,new,Hyderabad,45-54
C0141,new,Hyderabad,45-54
C0142,new,Bangalore,35-44
C0143,new,Hyderabad,25-34
C0144,new,Hyderabad,45-54
C0145,new,Hyderabad,45-54
C0146,new,Bangalore,25-34
C0147,new,Hyderabad,45-54
C0148,new,Hyderabad,45-54
C0149,new,Bangalore,35-44
C0150,new,Hyderabad,45-54
C0151,new,Bangalore,45-54
C0152,new,Hyderabad,25-34
C0153,new,Bangalore,45-54
C0154,new,Bangalore,35-44
C0155,new,Bangalore,25-34
C0156,new,Bangalore,25-34
C0157,new,Bangalore,35-44
C0158,new,Bangalore,45-54
C0159,new,Bangalore,25-34
C0160,new,Bangalore,25-34
C0161,new,Hyderabad,45-54
C0162,new,Bangalore,35-44
C0163,new,Hyderabad,35-44
C0164,new,Hyderabad,25-34
C0165,new,Bangalore,35-44
C0166,new,Hyderabad,45-54
C0167,new,Bangalore,45-54
C0168,new,Hyderabad,45-54
C0169,new,Bangalore,45-54
C0170,new,Bangalore,25-34
C0171,new,Bangalore,25-34
C0172,new,Bangalore,35-44
C0173,new,Bangalore,25-34
C0174,new,Hyderabad,25-34
C0175,new,Hyderabad,45-54
C0176,new,Bangalore,25-34
C0177,new,Hyderabad,35-44
C0178,new,Hyderabad,25-34
C0179,new,Bangalore,35-44
C0180,new,Hyderabad,25-34
C0181,new,Hyderabad,45-54
C0182,new,Hyderabad,45-54
C0183,new,Hyderabad,25-34
C0184,new,Hyderabad,35-44
C0185,new,Bangalore,45-54
C0186,new,Hyderabad,45-54
C0187,new,Hyderabad,35-44
C0188,new,Hyderabad,25-34
C0189,new,Hyderabad,35-44
C0190,new,Hyderabad,45-54
C0191,new,Hyderabad,25-34
C0192,new,Bangalore,45-54
C0193,new,Hyderabad,35-44
C0194,new,Hyderabad,25-34
C0195,new,Bangalore,35-44
C0196,new,Hyderabad,45-54
C0197,new,Bangalore,45-54
C0198,new,Bangalore,25-34
C0199,new,Bangalore,25-34
C0200,new,Bangalore,45-54
C0201,new,Bangalore,25-34
C0202,new,Bangalore,35-44
C0203,new,Bangalore,35-44
C0204,new,Hyderabad,35-44
C0205,new,Bangalore,45-54
C0206,new,Bangalore,35-44
C0207,new,Hyderabad,35-44
C0208,new,Hyderabad,25-34
C0209,new,Hyderabad,25-34
C0210,new,Bangalore,45-54
C0211,new,Hyderabad,25-34
C0212,new,Bangalore,45-54
C0213,new,Hyderabad,25-34
C0214,new,Bangalore,45-54
C0215,new,Hyderabad,35-44
C0216,new,Bangalore,45-54
C0217,new,Bangalore,45-54
C0218,new,Bangalore,45-54
C0219,new,Bangalore,35-44
C0220,new,Hyderabad,25-34
C0221,new,Bangalore,35-44
C0222,new,Hyderabad,25-34
C0223,new,Hyderabad,25-34
C0224,new,Hyderabad,25-34
C0225,new,Hyderabad,45-54
C0226,new,Bangalore,25-34
C0227,new,Bangalore,45-54
C0228,new,Bangalore,45-54
C0229,new,Bangalore,45-54
C0230,new,Bangalore,45-54
C0231,new,Hyderabad,45-54
C0232,new,Hyderabad,25-34
C0233,new,Bangalore,45-54
C0234,new,Bangalore,35-44
C0235,new,Hyderabad,45-54
C0236,new,Hyderabad,45-54
C0237,new,Bangalore,25-34
C0238,new,Bangalore,35-44
C0239,new,Hyderabad,25-34
C0240,new,Bangalore,25-34
C0241,new,Bangalore,25-34
C0242,new,Bangalore,45-54
C0243,new,Hyderabad,45-54
C0244,new,Hyderabad,35-44
C0245,new,Hyderabad,45-54
C0246,new,Bangalore,35-44
C0247,new,Hyderabad,35-44
C0248,new,Hyderabad,45-54
C0249,new,Hyderabad,45-54
C0250,new,Hyderabad,35-44
C0251,new,Bangalore,35-44
C0252,new,Bangalore,35-44
C0253,new,Hyderabad,45-54
C0254,new,Hyderabad,25-34
C0255,new,Bangalore,25-34
C0256,new,Bangalore,35-44
C0257,new,Hyderabad,45-54
C0258,new,Hyderabad,45-54
C0259,new,Hyderabad,45-54
C0260,new,Bangalore,45-54
C0261,new,Bangalore,45-54
C0262,new,Hyderabad,35-44
C0263,new,Hyderabad,45-54
C0264,new,Hyderabad,45-54
C0265,new,Hyderabad,45-54
C0266,new,Bangalore,25-34
C0267,new,Bangalore,45-54
C0268,new,Hyderabad,35-44
C0269,new,Hyderabad,25-34
C0270,new,Hyderabad,25-34
C0271,new,Hyderabad,45-54
C0272,new,Bangalore,35-44
C0273,new,Hyderabad,35-44
C0274,new,Bangalore,25-34
C0275,new,Hyderabad,35-44
C0276,new,Bangalore,25-34
C0277,new,Hyderabad,35-44
C0278,new,Hyderabad,35-44
C0279,new,Hyderabad,45-54
C0280,new,Bangalore,25-34
C0281,new,Hyderabad,25-34
C0282,new,Hyderabad,25-34
C0283,new,Hyderabad,45-54
C0284,new,Hyderabad,45-54
C0285,new,Bangalore,45-54
C0286,new,Hyderabad,25-34
C0287,new,Hyderabad,45-54
C0288,new,Hyderabad,45-54
C0289,new,Hyderabad,25-34
C0290,new,Hyderabad,25-34
C0291,new,Hyderabad,45-54
C0292,new,Bangalore,45-54
C0293,new,Bangalore,25-34
C0294,new,Hyderabad,35-44
C0295,new,Hyderabad,25-34
C0296,new,Bangalore,25-34
C0297,new,Hyderabad,25-34
C0298,new,Bangalore,25-34
C0299,new,Bangalore,25-34
C0300,new,Bangalore,35-44
C0301,new,Hyderabad,25-34
C0302,new,Bangalore,45-54
C0303,new,Bangalore,45-54
C0304,new,Hyderabad,45-54
C0305,new,Bangalore,45-54
C0306,new,Bangalore,35-44
C0307,new,Bangalore,35-44
C0308,new,Bangalore,45-54
C0309,new,Bangalore,25-34
C0310,new,Bangalore,25-34
C0311,new,Bangalore,35-44
C0312,new,Hyderabad,35-44
C0313,new,Hyderabad,35-44
C0314,new,Hyderabad,35-44
C0315,new,Hyderabad,35-44
C0316,new,Hyderabad,25-34
C0317,new,Bangalore,25-34
C0318,new,Bangalore,25-34
C0319,new,Hyderabad,45-54
C0320,new,Bangalore,45-54
C0321,new,Hyderabad,25-34
C0322,new,Hyderabad,35-44
C0323,new,Hyderabad,45-54
C0324,new,Bangalore,25-34
C0325,new,Bangalore,45-54
C0326,new,Bangalore,25-34
C0327,new,Hyderabad,25-34
C0328,new,Bangalore,25-34
C0329,new,Hyderabad,25-34
C0330,new,Hyderabad,35-44
C0331,new,Hyderabad,25-34
C0332,new,Hyderabad,35-44
C0333,new,Bangalore,35-44
C0334,new,Bangalore,45-54
C0335,new,Hyderabad,25-34
C0336,new,Bangalore,45-54
C0337,new,Hyderabad,35-44
C0338,new,Bangalore,45-54
C0339,new,Bangalore,25-34
C0340,new,Hyderabad,35-44
C0341,new,Hyderabad,35-44
C0342,new,Hyderabad,45-54
C0343,new,Bangalore,35-44
C0344,new,Bangalore,45-54
C0345,new,Bangalore,35-44
C0346,new,Bangalore,45-54
C0347,new,Hyderabad,45-54
C0348,new,Bangalore,35-44
C0349,new,Bangalore,25-34
C0350,new,Hyderabad,35-44
C0351,new,Bangalore,35-44
C0352,new,Bangalore,35-44
C0353,new,Bangalore,45-54
C0354,new,Hyderabad,35-44
C0355,new,Bangalore,45-54
C0356,new,Bangalore,35-44
C0357,new,Bangalore,35-44
C0358,new,Bangalore,45-54
C0359,new,Hyderabad,45-54
C0360,new,Hyderabad,45-54
C0361,new,Bangalore,35-44
C0362,new,Hyderabad,45-54
C0363,new,Bangalore,45-54
C0364,new,Hyderabad,25-34
C0365,new,Hyderabad,35-44
C0366,new,Bangalore,45-54
C0367,new,Hyderabad,45-54
C0368,new,Hyderabad,45-54
C0369,new,Hyderabad,25-34
C0370,new,Hyderabad,35-44
C0371,new,Bangalore,25-34
C0372,new,Bangalore,25-34
C0373,new,Bangalore,35-44
C0374,new,Bangalore,25-34
C0375,new,Bangalore,45-54
C0376,new,Hyderabad,35-44
C0377,new,Hyderabad,45-54
C0378,new,Hyderabad,25-34
C0379,new,Hyderabad,45-54
C0380,new,Bangalore,35-44
C0381,new,Bangalore,45-54
C0382,new,Hyderabad,35-44
C0383,new,Bangalore,45-54
C0384,new,Hyderabad,25-34
C0385,new,Bangalore,45-54
C0386,new,Hyderabad,25-34
C0387,new,Hyderabad,45-54
C0388,new,Bangalore,45-54
C0389,new,Hyderabad,45-54
C0390,new,Bangalore,35-44
C0391,new,Bangalore,35-44
C0392,new,Bangalore,45-54
C0393,new,Hyderabad,45-54
C0394,new,Hyderabad,25-34
C0395,new,Bangalore,45-54
C0396,new,Bangalore,35-44
C0397,new,Bangalore,35-44
C0398,new,Bangalore,45-54
C0399,new,Bangalore,45-54
C0400,new,Hyderabad,35-44
C0401,active,Bangalore,35-44
C0402,active,Bangalore,25-34
C0403,active,Hyderabad,25-34
C0404,active,Bangalore,35-44
C0405,active,Hyderabad,25-34
C0406,active,Hyderabad,45-54
C0407,active,Hyderabad,35-44
C0408,active,Bangalore,45-54
C0409,active,Hyderabad,35-44
C0410,active,Bangalore,35-44
C0411,active,Bangalore,45-54
C0412,active,Bangalore,35-44
C0413,active,Bangalore,45-54
C0414,active,Hyderabad,45-54
C0415,active,Bangalore,45-54
C0416,active,Bangalore,45-54
C0417,active,Hyderabad,25-34
C0418,active,Bangalore,25-34
C0419,active,Hyderabad,35-44
C0420,active,Hyderabad,35-44
C0421,active,Hyderabad,25-34
C0422,active,Bangalore,35-44
C0423,active,Bangalore,35-44
C0424,active,Hyderabad,25-34
C0425,active,Bangalore,25-34
C0426,active,Hyderabad,35-44
C0427,active,Bangalore,25-34
C0428,active,Hyderabad,45-54
C0429,active,Hyderabad,45-54
C0430,active,Hyderabad,35-44
C0431,active,Bangalore,45-54
C0432,active,Hyderabad,35-44
C0433,active,Hyderabad,25-34
C0434,active,Bangalore,25-34
C0435,active,Bangalore,25-34
C0436,active,Hyderabad,35-44
C0437,active,Bangalore,45-54
C0438,active,Bangalore,35-44
C0439,active,Hyderabad,35-44
C0440,active,Bangalore,25-34
C0441,active,Bangalore,35-44
C0442,active,Bangalore,45-54
C0443,active,Bangalore,25-34
C0444,active,Bangalore,45-54
C0445,active,Bangalore,35-44
C0446,active,Bangalore,35-44
C0447,active,Hyderabad,35-44
C0448,active,Bangalore,45-54
C0449,active,Bangalore,25-34
C0450,active,Hyderabad,35-44
C0451,active,Hyderabad,45-54
C0452,active,Bangalore,35-44
C0453,active,Bangalore,35-44
C0454,active,Bangalore,35-44
C0455,active,Hyderabad,25-34
C0456,active,Hyderabad,35-44
C0457,active,Bangalore,35-44
C0458,active,Bangalore,45-54
C0459,active,Bangalore,45-54
C0460,active,Hyderabad,35-44
C0461,active,Hyderabad,45-54
C0462,active,Hyderabad,45-54
C0463,active,Bangalore,25-34
C0464,active,Hyderabad,45-54
C0465,active,Bangalore,45-54
C0466,active,Bangalore,25-34
C0467,active,Hyderabad,35-44
C0468,active,Hyderabad,25-34
C0469,active,Hyderabad,45-54
C0470,active,Hyderabad,45-54
C0471,active,Hyderabad,35-44
C0472,active,Bangalore,35-44
C0473,active,Hyderabad,25-34
C0474,active,Bangalore,25-34
C0475,active,Bangalore,25-34
C0476,active,Hyderabad,35-44
C0477,active,Bangalore,25-34
C0478,active,Hyderabad,35-44
C0479,active,Hyderabad,35-44
C0480,active,Hyderabad,25-34
C0481,active,Hyderabad,35-44
C0482,active,Hyderabad,35-44
C0483,active,Bangalore,25-34
C0484,active,Bangalore,45-54
C0485,active,Bangalore,45-54
C0486,active,Bangalore,35-44
C0487,active,Bangalore,45-54
C0488,active,Hyderabad,45-54
C0489,active,Bangalore,45-54
C0490,active,Bangalore,25-34
C0491,active,Hyderabad,45-54
C0492,active,Bangalore,45-54
C0493,active,Hyderabad,35-44
C0494,active,Hyderabad,45-54
C0495,active,Hyderabad,25-34
C0496,active,Hyderabad,25-34
C0497,active,Bangalore,25-34
C0498,active,Hyderabad,35-44
C0499,active,Bangalore,35-44
C0500,active,Hyderabad,25-34
C0501,active,Hyderabad,35-44
C0502,active,Bangalore,35-44
C0503,active,Bangalore,45-54
C0504,active,Hyderabad,25-34
C0505,active,Hyderabad,35-44
C0506,active,Bangalore,25-34
C0507,active,Hyderabad,35-44
C0508,active,Hyderabad,45-54
C0509,active,Hyderabad,45-54
C0510,active,Hyderabad,35-44
C0511,active,Bangalore,25-34
C0512,active,Bangalore,35-44
C0513,active,Bangalore,35-44
C0514,active,Bangalore,25-34
C0515,active,Hyderabad,45-54
C0516,active,Hyderabad,35-44
C0517,active,Bangalore,25-34
C0518,active,Bangalore,35-44
C0519,active,Hyderabad,45-54
C0520,active,Hyderabad,45-54
C0521,active,Bangalore,35-44
C0522,active,Bangalore,25-34
C0523,active,Hyderabad,45-54
C0524,active,Bangalore,45-54
C0525,active,Bangalore,35-44
C0526,active,Bangalore,35-44
C0527,active,Bangalore,45-54
C0528,active,Bangalore,45-54
C0529,active,Hyderabad,25-34
C0530,active,Bangalore,45-54
C0531,active,Bangalore,35-44
C0532,active,Bangalore,45-54
C0533,active,Bangalore,35-44
C0534,active,Hyderabad,25-34
C0535,active,Hyderabad,35-44
C0536,active,Bangalore,25-34
C0537,active,Hyderabad,45-54
C0538,active,Bangalore,35-44
C0539,active,Hyderabad,25-34
C0540,active,Hyderabad,35-44
C0541,active,Hyderabad,45-54
C0542,active,Hyderabad,45-54
C0543,active,Bangalore,25-34
C0544,active,Bangalore,25-34
C0545,active,Hyderabad,45-54
C0546,active,Bangalore,35-44
C0547,active,Hyderabad,25-34
C0548,active,Hyderabad,35-44
C0549,active,Bangalore,25-34
C0550,active,Bangalore,45-54
C0551,active,Hyderabad,35-44
C0552,active,Bangalore,45-54
C0553,active,Bangalore,35-44
C0554,active,Bangalore,45-54
C0555,active,Bangalore,35-44
C0556,active,Bangalore,25-34
C0557,active,Bangalore,25-34
C0558,active,Hyderabad,25-34
C0559,active,Bangalore,25-34
C0560,active,Hyderabad,25-34
C0561,active,Bangalore,25-34
C0562,active,Hyderabad,45-54
C0563,active,Hyderabad,45-54
C0564,active,Bangalore,35-44
C0565,active,Hyderabad,45-54
C0566,active,Hyderabad,25-34
C0567,active,Bangalore,45-54
C0568,active,Bangalore,45-54
C0569,active,Bangalore,25-34
C0570,active,Hyderabad,45-54
C0571,active,Bangalore,35-44
C0572,active,Bangalore,45-54
C0573,active,Hyderabad,35-44
C0574,active,Bangalore,35-44
C0575,active,Hyderabad,35-44
C0576,active,Bangalore,35-44
C0577,active,Bangalore,45-54
C0578,active,Hyderabad,35-44
C0579,active,Bangalore,25-34
C0580,active,Hyderabad,25-34
C0581,active,Bangalore,45-54
C0582,active,Hyderabad,45-54
C0583,active,Bangalore,35-44
C0584,active,Hyderabad,45-54
C0585,active,Bangalore,45-54
C0586,active,Bangalore,45-54
C0587,active,Bangalore,25-34
C0588,active,Hyderabad,35-44
C0589,active,Hyderabad,25-34
C0590,active,Bangalore,45-54
C0591,active,Hyderabad,45-54
C0592,active,Hyderabad,35-44
C0593,active,Hyderabad,45-54
C0594,active,Hyderabad,25-34
C0595,active,Hyderabad,25-34
C0596,active,Hyderabad,35-44
C0597,active,Hyderabad,45-54
C0598,active,Bangalore,45-54
C0599,active,Bangalore,35-44
C0600,active,Hyderabad,25-34
C0601,active,Bangalore,45-54
C0602,active,Hyderabad,35-44
C0603,active,Hyderabad,25-34
C0604,active,Bangalore,25-34
C0605,active,Bangalore,35-44
C0606,active,Bangalore,25-34
C0607,active,Hyderabad,35-44
C0608,active,Bangalore,45-54
C0609,active,Bangalore,25-34
C0610,active,Bangalore,25-34
C0611,active,Bangalore,45-54
C0612,active,Hyderabad,45-54
C0613,active,Hyderabad,25-34
C0614,active,Bangalore,35-44
C0615,active,Bangalore,45-54
C0616,active,Bangalore,25-34
C0617,active,Bangalore,25-34
C0618,active,Bangalore,25-34
C0619,active,Bangalore,25-34
C0620,active,Hyderabad,25-34
C0621,active,Bangalore,45-54
C0622,active,Bangalore,35-44
C0623,active,Bangalore,35-44
C0624,active,Bangalore,25-34
C0625,active,Hyderabad,25-34
C0626,active,Hyderabad,35-44
C0627,active,Hyderabad,45-54
C0628,active,Hyderabad,35-44
C0629,active,Bangalore,35-44
C0630,active,Hyderabad,25-34
C0631,active,Hyderabad,35-44
C0632,active,Hyderabad,45-54
C0633,active,Hyderabad,35-44
C0634,active,Hyderabad,45-54
C0635,active,Hyderabad,35-44
C0636,active,Bangalore,25-34
C0637,active,Hyderabad,25-34
C0638,active,Hyderabad,35-44
C0639,active,Bangalore,25-34
C0640,active,Hyderabad,35-44
C0641,active,Bangalore,45-54
C0642,active,Bangalore,35-44
C0643,active,Bangalore,25-34
C0644,active,Bangalore,35-44
C0645,active,Hyderabad,35-44
C0646,active,Hyderabad,35-44
C0647,active,Hyderabad,25-34
C0648,active,Bangalore,45-54
C0649,active,Hyderabad,25-34
C0650,active,Hyderabad,25-34
C0651,active,Bangalore,25-34
C0652,active,Bangalore,25-34
C0653,active,Hyderabad,35-44
C0654,active,Bangalore,35-44
C0655,active,Bangalore,45-54
C0656,active,Bangalore,25-34
C0657,active,Hyderabad,35-44
C0658,active,Hyderabad,35-44
C0659,active,Hyderabad,25-34
C0660,active,Bangalore,35-44
C0661,active,Bangalore,45-54
C0662,active,Hyderabad,25-34
C0663,active,Bangalore,45-54
C0664,active,Bangalore,25-34
C0665,active,Bangalore,45-54
C0666,active,Hyderabad,25-34
C0667,active,Bangalore,35-44
C0668,active,Bangalore,45-54
C0669,active,Hyderabad,45-54
C0670,active,Hyderabad,45-54
C0671,active,Bangalore,45-54
C0672,active,Hyderabad,35-44
C0673,active,Hyderabad,45-54
C0674,active,Bangalore,35-44
C0675,active,Hyderabad,45-54
C0676,active,Hyderabad,45-54
C0677,active,Hyderabad,45-54
C0678,active,Hyderabad,25-34
C0679,active,Bangalore,45-54
C0680,active,Bangalore,35-44
C0681,active,Bangalore,25-34
C0682,active,Bangalore,45-54
C0683,active,Hyderabad,35-44
C0684,active,Hyderabad,35-44
C0685,active,Hyderabad,25-34
C0686,active,Hyderabad,45-54
C0687,active,Bangalore,45-54
C0688,active,Hyderabad,25-34
C0689,active,Hyderabad,35-44
C0690,active,Bangalore,35-44
C0691,active,Hyderabad,25-34
C0692,active,Hyderabad,45-54
C0693,active,Bangalore,35-44
C0694,active,Bangalore,35-44
C0695,active,Bangalore,45-54
C0696,active,Bangalore,45-54
C0697,active,Bangalore,25-34
C0698,active,Bangalore,25-34
C0699,active,Hyderabad,45-54
C0700,active,Bangalore,45-54
C0701,active,Bangalore,25-34
C0702,active,Hyderabad,25-34
C0703,active,Bangalore,35-44
C0704,active,Bangalore,35-44
C0705,active,Hyderabad,45-54
C0706,active,Bangalore,35-44
C0707,active,Bangalore,25-34
C0708,active,Bangalore,45-54
C0709,active,Hyderabad,35-44
C0710,active,Bangalore,35-44
C0711,active,Bangalore,25-34
C0712,active,Bangalore,45-54
C0713,active,Hyderabad,35-44
C0714,active,Hyderabad,35-44
C0715,active,Hyderabad,35-44
C0716,active,Bangalore,35-44
C0717,active,Hyderabad,35-44
C0718,active,Hyderabad,25-34
C0719,active,Hyderabad,45-54
C0720,active,Hyderabad,25-34
C0721,active,Hyderabad,25-34
C0722,active,Bangalore,25-34
C0723,active,Hyderabad,45-54
C0724,active,Bangalore,45-54
C0725,active,Bangalore,35-44
C0726,active,Bangalore,25-34
C0727,active,Hyderabad,25-34
C0728,active,Bangalore,25-34
C0729,active,Bangalore,45-54
C0730,active,Hyderabad,45-54
C0731,active,Bangalore,45-54
C0732,active,Hyderabad,45-54
C0733,active,Bangalore,45-54
C0734,active,Hyderabad,25-34
C0735,active,Bangalore,45-54
C0736,active,Hyderabad,45-54
C0737,active,Bangalore,45-54
C0738,active,Bangalore,35-44
C0739,active,Bangalore,35-44
C0740,active,Bangalore,45-54
C0741,active,Bangalore,35-44
C0742,active,Bangalore,45-54
C0743,active,Bangalore,45-54
C0744,active,Hyderabad,25-34
C0745,active,Bangalore,35-44
C0746,active,Bangalore,35-44
C0747,active,Bangalore,45-54
C0748,active,Hyderabad,35-44
C0749,active,Hyderabad,35-44
C0750,active,Hyderabad,45-54
C0751,active,Bangalore,45-54
C0752,active,Bangalore,25-34
C0753,active,Bangalore,45-54
C0754,active,Hyderabad,25-34
C0755,active,Hyderabad,35-44
C0756,active,Bangalore,45-54
C0757,active,Bangalore,45-54
C0758,active,Hyderabad,35-44
C0759,active,Hyderabad,35-44
C0760,active,Bangalore,25-34
C0761,active,Bangalore,35-44
C0762,active,Bangalore,35-44
C0763,active,Hyderabad,25-34
C0764,active,Bangalore,45-54
C0765,active,Hyderabad,45-54
C0766,active,Bangalore,25-34
C0767,active,Hyderabad,35-44
C0768,active,Hyderabad,35-44
C0769,active,Bangalore,35-44
C0770,active,Bangalore,45-54
C0771,active,Hyderabad,35-44
C0772,active,Hyderabad,45-54
C0773,active,Bangalore,35-44
C0774,active,Hyderabad,45-54
C0775,active,Hyderabad,25-34
C0776,active,Hyderabad,25-34
C0777,active,Hyderabad,25-34
C0778,active,Bangalore,35-44
C0779,active,Bangalore,25-34
C0780,active,Hyderabad,25-34
C0781,active,Bangalore,25-34
C0782,active,Bangalore,35-44
C0783,active,Bangalore,35-44
C0784,active,Bangalore,35-44
C0785,active,Hyderabad,25-34
C0786,active,Bangalore,45-54
C0787,active,Bangalore,25-34
C0788,active,Hyderabad,35-44
C0789,active,Bangalore,45-54
C0790,active,Bangalore,45-54
C0791,active,Bangalore,35-44
C0792,active,Hyderabad,25-34
C0793,active,Bangalore,45-54
C0794,active,Hyderabad,25-34
C0795,active,Bangalore,35-44
C0796,active,Bangalore,35-44
C0797,active,Hyderabad,45-54
C0798,active,Hyderabad,25-34
C0799,active,Bangalore,45-54
C0800,active,Bangalore,45-54
C0801,active,Hyderabad,35-44
C0802,active,Bangalore,45-54
C0803,active,Hyderabad,25-34
C0804,active,Hyderabad,25-34
C0805,active,Bangalore,45-54
C0806,active,Bangalore,25-34
C0807,active,Hyderabad,25-34
C0808,active,Hyderabad,25-34
C0809,active,Hyderabad,25-34
C0810,active,Bangalore,35-44
C0811,active,Hyderabad,45-54
C0812,active,Bangalore,45-54
C0813,active,Hyderabad,35-44
C0814,active,Bangalore,35-44
C0815,active,Hyderabad,35-44
C0816,active,Bangalore,35-44
C0817,active,Bangalore,25-34
C0818,active,Hyderabad,25-34
C0819,active,Bangalore,45-54
C0820,active,Hyderabad,35-44
C0821,active,Hyderabad,35-44
C0822,active,Bangalore,35-44
C0823,active,Bangalore,35-44
C0824,active,Hyderabad,45-54
C0825,active,Hyderabad,45-54
C0826,active,Hyderabad,45-54
C0827,active,Hyderabad,25-34
C0828,active,Hyderabad,25-34
C0829,active,Hyderabad,45-54
C0830,active,Hyderabad,25-34
C0831,active,Hyderabad,35-44
C0832,active,Hyderabad,35-44
C0833,active,Bangalore,25-34
C0834,active,Bangalore,35-44
C0835,active,Hyderabad,35-44
C0836,active,Bangalore,35-44
C0837,active,Hyderabad,25-34
C0838,active,Hyderabad,45-54
C0839,active,Bangalore,35-44
C0840,active,Bangalore,35-44
C0841,active,Hyderabad,45-54
C0842,active,Bangalore,25-34
C0843,active,Hyderabad,45-54
C0844,active,Bangalore,45-54
C0845,active,Hyderabad,35-44
C0846,active,Bangalore,45-54
C0847,active,Hyderabad,25-34
C0848,active,Hyderabad,45-54
C0849,active,Bangalore,45-54
C0850,active,Bangalore,25-34
C0851,active,Bangalore,45-54
C0852,active,Bangalore,25-34
C0853,active,Hyderabad,25-34
C0854,active,Hyderabad,35-44
C0855,active,Bangalore,45-54
C0856,active,Bangalore,45-54
C0857,active,Hyderabad,45-54
C0858,active,Hyderabad,25-34
C0859,active,Hyderabad,25-34
C0860,active,Bangalore,25-34
C0861,active,Bangalore,25-34
C0862,active,Bangalore,45-54
C0863,active,Bangalore,25-34
C0864,active,Hyderabad,25-34
C0865,active,Hyderabad,35-44
C0866,active,Hyderabad,25-34
C0867,active,Bangalore,35-44
C0868,active,Hyderabad,25-34
C0869,active,Hyderabad,35-44
C0870,active,Hyderabad,45-54
C0871,active,Bangalore,35-44
C0872,active,Hyderabad,25-34
C0873,active,Hyderabad,25-34
C0874,active,Hyderabad,45-54
C0875,active,Bangalore,35-44
C0876,active,Bangalore,25-34
C0877,active,Bangalore,25-34
C0878,active,Bangalore,25-34
C0879,active,Bangalore,35-44
C0880,active,Bangalore,35-44
C0881,active,Hyderabad,35-44
C0882,active,Hyderabad,45-54
C0883,active,Bangalore,25-34
C0884,active,Hyderabad,45-54
C0885,active,Hyderabad,35-44
C0886,active,Bangalore,45-54
C0887,active,Bangalore,25-34
C0888,active,Bangalore,45-54
C0889,active,Hyderabad,35-44
C0890,active,Hyderabad,25-34
C0891,active,Hyderabad,45-54
C0892,active,Hyderabad,25-34
C0893,active,Hyderabad,45-54
C0894,active,Bangalore,25-34
C0895,active,Bangalore,25-34
C0896,active,Bangalore,45-54
C0897,active,Bangalore,25-34
C0898,active,Hyderabad,35-44
C0899,active,Hyderabad,25-34
C0900,active,Bangalore,45-54
C0901,active,Bangalore,35-44
C0902,active,Hyderabad,35-44
C0903,active,Bangalore,25-34
C0904,active,Bangalore,45-54
C0905,active,Bangalore,25-34
C0906,active,Hyderabad,35-44
C0907,active,Hyderabad,25-34
C0908,active,Bangalore,45-54
C0909,active,Bangalore,45-54
C0910,active,Bangalore,45-54
C0911,active,Hyderabad,25-34
C0912,active,Hyderabad,35-44
C0913,active,Bangalore,35-44
C0914,active,Bangalore,45-54
C0915,active,Bangalore,35-44
C0916,active,Bangalore,35-44
C0917,active,Hyderabad,35-44
C0918,active,Hyderabad,25-34
C0919,active,Bangalore,25-34
C0920,active,Hyderabad,35-44
C0921,active,Hyderabad,35-44
C0922,active,Bangalore,25-34
C0923,active,Hyderabad,35-44
C0924,active,Hyderabad,45-54
C0925,active,Bangalore,25-34
C0926,active,Hyderabad,45-54
C0927,active,Bangalore,25-34
C0928,active,Bangalore,45-54
C0929,active,Hyderabad,25-34
C0930,active,Bangalore,25-34
C0931,active,Bangalore,35-44
C0932,active,Bangalore,25-34
C0933,active,Hyderabad,35-44
C0934,active,Hyderabad,35-44
C0935,active,Hyderabad,35-44
C0936,active,Bangalore,35-44
C0937,active,Bangalore,45-54
C0938,active,Bangalore,25-34
C0939,active,Hyderabad,35-44
C0940,active,Bangalore,35-44
C0941,active,Bangalore,45-54
C0942,active,Hyderabad,45-54
C0943,active,Hyderabad,25-34
C0944,active,Bangalore,25-34
C0945,active,Hyderabad,45-54
C0946,active,Hyderabad,25-34
C0947,active,Hyderabad,25-34
C0948,active,Hyderabad,25-34
C0949,active,Hyderabad,25-34
C0950,active,Hyderabad,45-54
C0951,active,Hyderabad,25-34
C0952,active,Hyderabad,35-44
C0953,active,Bangalore,25-34
C0954,active,Hyderabad,45-54
C0955,active,Bangalore,35-44
C0956,active,Hyderabad,45-54
C0957,active,Bangalore,25-34
C0958,active,Bangalore,45-54
C0959,active,Hyderabad,45-54
C0960,active,Hyderabad,35-44
C0961,active,Hyderabad,35-44
C0962,active,Hyderabad,45-54
C0963,active,Bangalore,35-44
C0964,active,Bangalore,45-54
C0965,active,Bangalore,35-44
C0966,active,Bangalore,35-44
C0967,active,Bangalore,35-44
C0968,active,Hyderabad,25-34
C0969,active,Bangalore,25-34
C0970,active,Hyderabad,45-54
C0971,active,Hyderabad,45-54
C0972,active,Hyderabad,45-54
C0973,active,Hyderabad,25-34
C0974,active,Bangalore,35-44
C0975,active,Hyderabad,25-34
C0976,active,Hyderabad,35-44
C0977,active,Hyderabad,25-34
C0978,active,Hyderabad,25-34
C0979,active,Hyderabad,45-54
C0980,active,Bangalore,45-54
C0981,active,Bangalore,45-54
C0982,active,Hyderabad,45-54
C0983,active,Hyderabad,45-54
C0984,active,Bangalore,45-54
C0985,active,Hyderabad,25-34
C0986,active,Bangalore,25-34
C0987,active,Bangalore,35-44
C0988,active,Bangalore,25-34
C0989,active,Bangalore,45-54
C0990,active,Hyderabad,25-34
C0991,active,Hyderabad,35-44
C0992,active,Hyderabad,35-44
C0993,active,Bangalore,35-44
C0994,active,Bangalore,25-34
C0995,active,Bangalore,35-44
C0996,active,Hyderabad,45-54
C0997,active,Hyderabad,25-34
C0998,active,Bangalore,45-54
C0999,active,Hyderabad,25-34
C1000,active,Bangalore,25-34
C1001,active,Hyderabad,35-44
C1002,active,Hyderabad,25-34
C1003,active,Hyderabad,35-44
C1004,active,Hyderabad,25-34
C1005,active,Bangalore,45-54
C1006,active,Bangalore,45-54
C1007,active,Bangalore,45-54
C1008,active,Hyderabad,45-54
C1009,active,Bangalore,45-54
C1010,active,Hyderabad,45-54
C1011,active,Bangalore,35-44
C1012,active,Bangalore,45-54
C1013,active,Bangalore,35-44
C1014,active,Hyderabad,35-44
C1015,active,Hyderabad,45-54
C1016,active,Bangalore,35-44
C1017,active,Hyderabad,25-34
C1018,active,Hyderabad,35-44
C1019,active,Hyderabad,45-54
C1020,active,Bangalore,35-44
C1021,active,Bangalore,35-44
C1022,active,Hyderabad,25-34
C1023,active,Bangalore,35-44
C1024,active,Hyderabad,35-44
C1025,active,Hyderabad,45-54
C1026,active,Bangalore,35-44
C1027,active,Hyderabad,45-54
C1028,active,Bangalore,25-34
C1029,active,Bangalore,35-44
C1030,active,Hyderabad,45-54
C1031,active,Hyderabad,25-34
C1032,active,Hyderabad,35-44
C1033,active,Bangalore,25-34
C1034,active,Hyderabad,25-34
C1035,active,Bangalore,45-54
C1036,active,Bangalore,45-54
C1037,active,Bangalore,25-34
C1038,active,Hyderabad,35-44
C1039,active,Bangalore,25-34
C1040,active,Hyderabad,45-54
C1041,active,Bangalore,45-54
C1042,active,Hyderabad,25-34
C1043,active,Bangalore,45-54
C1044,active,Bangalore,45-54
C1045,active,Hyderabad,25-34
C1046,active,Bangalore,45-54
C1047,active,Hyderabad,35-44
C1048,active,Bangalore,25-34
C1049,active,Hyderabad,25-34
C1050,active,Hyderabad,45-54
C1051,active,Hyderabad,25-34
C1052,active,Bangalore,45-54
C1053,active,Bangalore,25-34
C1054,active,Hyderabad,45-54
C1055,active,Bangalore,25-34
C1056,active,Hyderabad,45-54
C1057,active,Hyderabad,45-54
C1058,active,Bangalore,45-54
C1059,active,Hyderabad,35-44
C1060,active,Hyderabad,25-34
C1061,active,Hyderabad,25-34
C1062,active,Bangalore,35-44
C1063,active,Bangalore,45-54
C1064,active,Hyderabad,45-54
C1065,active,Bangalore,35-44
C1066,active,Hyderabad,45-54
C1067,active,Bangalore,45-54
C1068,active,Hyderabad,25-34
C1069,active,Bangalore,35-44
C1070,active,Hyderabad,45-54
C1071,active,Hyderabad,35-44
C1072,active,Bangalore,45-54
C1073,active,Hyderabad,25-34
C1074,active,Bangalore,45-54
C1075,active,Hyderabad,35-44
C1076,active,Bangalore,45-54
C1077,active,Hyderabad,35-44
C1078,active,Hyderabad,25-34
C1079,active,Bangalore,35-44
C1080,active,Hyderabad,35-44
C1081,active,Hyderabad,25-34
C1082,active,Bangalore,45-54
C1083,active,Hyderabad,35-44
C1084,active,Bangalore,45-54
C1085,active,Bangalore,45-54
C1086,active,Hyderabad,45-54
C1087,active,Hyderabad,25-34
C1088,active,Hyderabad,25-34
C1089,active,Hyderabad,25-34
C1090,active,Hyderabad,35-44
C1091,active,Hyderabad,25-34
C1092,active,Bangalore,35-44
C1093,active,Bangalore,35-44
C1094,active,Hyderabad,45-54
C1095,active,Hyderabad,45-54
C1096,active,Bangalore,25-34
C1097,active,Bangalore,35-44
C1098,active,Hyderabad,25-34
C1099,active,Hyderabad,25-34
C1100,active,Bangalore,25-34
C1101,at_risk,Hyderabad,35-44
C1102,at_risk,Bangalore,35-44
C1103,at_risk,Hyderabad,35-44
C1104,at_risk,Bangalore,35-44
C1105,at_risk,Bangalore,45-54
C1106,at_risk,Bangalore,25-34
C1107,at_risk,Hyderabad,35-44
C1108,at_risk,Hyderabad,45-54
C1109,at_risk,Hyderabad,25-34
C1110,at_risk,Hyderabad,35-44
C1111,at_risk,Hyderabad,25-34
C1112,at_risk,Bangalore,25-34
C1113,at_risk,Hyderabad,25-34
C1114,at_risk,Bangalore,35-44
C1115,at_risk,Hyderabad,35-44
C1116,at_risk,Bangalore,25-34
C1117,at_risk,Hyderabad,45-54
C1118,at_risk,Hyderabad,35-44
C1119,at_risk,Hyderabad,35-44
C1120,at_risk,Bangalore,25-34
C1121,at_risk,Bangalore,35-44
C1122,at_risk,Hyderabad,45-54
C1123,at_risk,Hyderabad,35-44
C1124,at_risk,Hyderabad,25-34
C1125,at_risk,Bangalore,35-44
C1126,at_risk,Bangalore,25-34
C1127,at_risk,Bangalore,25-34
C1128,at_risk,Bangalore,25-34
C1129,at_risk,Bangalore,45-54
C1130,at_risk,Hyderabad,35-44
C1131,at_risk,Hyderabad,35-44
C1132,at_risk,Hyderabad,45-54
C1133,at_risk,Hyderabad,35-44
C1134,at_risk,Bangalore,25-34
C1135,at_risk,Bangalore,35-44
C1136,at_risk,Bangalore,35-44
C1137,at_risk,Hyderabad,35-44
C1138,at_risk,Hyderabad,35-44
C1139,at_risk,Bangalore,35-44
C1140,at_risk,Bangalore,45-54
C1141,at_risk,Hyderabad,35-44
C1142,at_risk,Hyderabad,35-44
C1143,at_risk,Hyderabad,45-54
C1144,at_risk,Hyderabad,35-44
C1145,at_risk,Bangalore,35-44
C1146,at_risk,Hyderabad,45-54
C1147,at_risk,Hyderabad,35-44
C1148,at_risk,Hyderabad,45-54
C1149,at_risk,Bangalore,25-34
C1150,at_risk,Hyderabad,25-34
C1151,at_risk,Bangalore,45-54
C1152,at_risk,Hyderabad,35-44
C1153,at_risk,Hyderabad,25-34
C1154,at_risk,Bangalore,35-44
C1155,at_risk,Bangalore,35-44
C1156,at_risk,Hyderabad,35-44
C1157,at_risk,Hyderabad,45-54
C1158,at_risk,Bangalore,25-34
C1159,at_risk,Hyderabad,45-54
C1160,at_risk,Bangalore,35-44
C1161,at_risk,Bangalore,45-54
C1162,at_risk,Hyderabad,35-44
C1163,at_risk,Bangalore,45-54
C1164,at_risk,Bangalore,45-54
C1165,at_risk,Hyderabad,45-54
C1166,at_risk,Hyderabad,25-34
C1167,at_risk,Hyderabad,45-54
C1168,at_risk,Bangalore,25-34
C1169,at_risk,Bangalore,45-54
C1170,at_risk,Hyderabad,25-34
C1171,at_risk,Bangalore,35-44
C1172,at_risk,Hyderabad,45-54
C1173,at_risk,Bangalore,35-44
C1174,at_risk,Bangalore,25-34
C1175,at_risk,Bangalore,35-44
C1176,at_risk,Hyderabad,45-54
C1177,at_risk,Hyderabad,25-34
C1178,at_risk,Hyderabad,45-54
C1179,at_risk,Bangalore,45-54
C1180,at_risk,Bangalore,25-34
C1181,at_risk,Hyderabad,25-34
C1182,at_risk,Bangalore,45-54
C1183,at_risk,Hyderabad,45-54
C1184,at_risk,Bangalore,25-34
C1185,at_risk,Bangalore,45-54
C1186,at_risk,Hyderabad,35-44
C1187,at_risk,Hyderabad,25-34
C1188,at_risk,Bangalore,25-34
C1189,at_risk,Bangalore,45-54
C1190,at_risk,Bangalore,35-44
C1191,at_risk,Bangalore,35-44
C1192,at_risk,Bangalore,25-34
C1193,at_risk,Bangalore,35-44
C1194,at_risk,Bangalore,25-34
C1195,at_risk,Hyderabad,45-54
C1196,at_risk,Hyderabad,35-44
C1197,at_risk,Hyderabad,25-34
C1198,at_risk,Bangalore,45-54
C1199,at_risk,Bangalore,45-54
C1200,at_risk,Bangalore,45-54
C1201,at_risk,Hyderabad,35-44
C1202,at_risk,Bangalore,45-54
C1203,at_risk,Bangalore,45-54
C1204,at_risk,Bangalore,35-44
C1205,at_risk,Hyderabad,35-44
C1206,at_risk,Hyderabad,25-34
C1207,at_risk,Hyderabad,45-54
C1208,at_risk,Hyderabad,35-44
C1209,at_risk,Hyderabad,25-34
C1210,at_risk,Bangalore,25-34
C1211,at_risk,Hyderabad,45-54
C1212,at_risk,Bangalore,45-54
C1213,at_risk,Hyderabad,45-54
C1214,at_risk,Bangalore,45-54
C1215,at_risk,Hyderabad,25-34
C1216,at_risk,Bangalore,45-54
C1217,at_risk,Bangalore,25-34
C1218,at_risk,Bangalore,45-54
C1219,at_risk,Hyderabad,25-34
C1220,at_risk,Bangalore,35-44
C1221,at_risk,Hyderabad,45-54
C1222,at_risk,Bangalore,45-54
C1223,at_risk,Hyderabad,35-44
C1224,at_risk,Hyderabad,25-34
C1225,at_risk,Bangalore,25-34
C1226,at_risk,Bangalore,25-34
C1227,at_risk,Hyderabad,35-44
C1228,at_risk,Hyderabad,25-34
C1229,at_risk,Bangalore,45-54
C1230,at_risk,Bangalore,45-54
C1231,at_risk,Bangalore,25-34
C1232,at_risk,Bangalore,25-34
C1233,at_risk,Bangalore,35-44
C1234,at_risk,Bangalore,25-34
C1235,at_risk,Hyderabad,25-34
C1236,at_risk,Hyderabad,25-34
C1237,at_risk,Bangalore,25-34
C1238,at_risk,Bangalore,45-54
C1239,at_risk,Bangalore,45-54
C1240,at_risk,Hyderabad,45-54
C1241,at_risk,Bangalore,35-44
C1242,at_risk,Hyderabad,25-34
C1243,at_risk,Hyderabad,45-54
C1244,at_risk,Hyderabad,45-54
C1245,at_risk,Bangalore,25-34
C1246,at_risk,Bangalore,45-54
C1247,at_risk,Hyderabad,45-54
C1248,at_risk,Bangalore,35-44
C1249,at_risk,Bangalore,35-44
C1250,at_risk,Bangalore,25-34
C1251,at_risk,Bangalore,45-54
C1252,at_risk,Bangalore,25-34
C1253,at_risk,Bangalore,35-44
C1254,at_risk,Hyderabad,45-54
C1255,at_risk,Hyderabad,45-54
C1256,at_risk,Hyderabad,25-34
C1257,at_risk,Bangalore,45-54
C1258,at_risk,Hyderabad,45-54
C1259,at_risk,Bangalore,35-44
C1260,at_risk,Bangalore,25-34
C1261,at_risk,Hyderabad,25-34
C1262,at_risk,Bangalore,25-34
C1263,at_risk,Hyderabad,35-44
C1264,at_risk,Bangalore,25-34
C1265,at_risk,Hyderabad,25-34
C1266,at_risk,Bangalore,35-44
C1267,at_risk,Bangalore,25-34
C1268,at_risk,Bangalore,25-34
C1269,at_risk,Hyderabad,45-54
C1270,at_risk,Bangalore,45-54
C1271,at_risk,Bangalore,25-34
C1272,at_risk,Bangalore,35-44
C1273,at_risk,Hyderabad,45-54
C1274,at_risk,Hyderabad,25-34
C1275,at_risk,Bangalore,35-44
C1276,at_risk,Hyderabad,25-34
C1277,at_risk,Bangalore,35-44
C1278,at_risk,Bangalore,35-44
C1279,at_risk,Bangalore,35-44
C1280,at_risk,Hyderabad,35-44
C1281,at_risk,Hyderabad,45-54
C1282,at_risk,Hyderabad,25-34
C1283,at_risk,Bangalore,25-34
C1284,at_risk,Bangalore,25-34
C1285,at_risk,Bangalore,25-34
C1286,at_risk,Hyderabad,45-54
C1287,at_risk,Hyderabad,45-54
C1288,at_risk,Hyderabad,25-34
C1289,at_risk,Hyderabad,35-44
C1290,at_risk,Hyderabad,45-54
C1291,at_risk,Bangalore,35-44
C1292,at_risk,Hyderabad,35-44
C1293,at_risk,Hyderabad,25-34
C1294,at_risk,Hyderabad,25-34
C1295,at_risk,Hyderabad,45-54
C1296,at_risk,Bangalore,35-44
C1297,at_risk,Hyderabad,25-34
C1298,at_risk,Hyderabad,25-34
C1299,at_risk,Hyderabad,35-44
C1300,at_risk,Bangalore,35-44
C1301,at_risk,Bangalore,25-34
C1302,at_risk,Hyderabad,25-34
C1303,at_risk,Hyderabad,45-54
C1304,at_risk,Bangalore,45-54
C1305,at_risk,Hyderabad,45-54
C1306,at_risk,Hyderabad,45-54
C1307,at_risk,Hyderabad,25-34
C1308,at_risk,Bangalore,25-34
C1309,at_risk,Hyderabad,35-44
C1310,at_risk,Hyderabad,45-54
C1311,at_risk,Bangalore,35-44
C1312,at_risk,Hyderabad,45-54
C1313,at_risk,Hyderabad,45-54
C1314,at_risk,Bangalore,25-34
C1315,at_risk,Hyderabad,35-44
C1316,at_risk,Hyderabad,35-44
C1317,at_risk,Bangalore,35-44
C1318,at_risk,Bangalore,35-44
C1319,at_risk,Bangalore,45-54
C1320,at_risk,Hyderabad,25-34
C1321,at_risk,Bangalore,25-34
C1322,at_risk,Bangalore,35-44
C1323,at_risk,Bangalore,35-44
C1324,at_risk,Hyderabad,35-44
C1325,at_risk,Bangalore,35-44
C1326,at_risk,Hyderabad,25-34
C1327,at_risk,Hyderabad,45-54
C1328,at_risk,Hyderabad,45-54
C1329,at_risk,Hyderabad,35-44
C1330,at_risk,Hyderabad,45-54
C1331,at_risk,Bangalore,35-44
C1332,at_risk,Hyderabad,35-44
C1333,at_risk,Bangalore,25-34
C1334,at_risk,Bangalore,45-54
C1335,at_risk,Hyderabad,35-44
C1336,at_risk,Bangalore,35-44
C1337,at_risk,Hyderabad,25-34
C1338,at_risk,Bangalore,25-34
C1339,at_risk,Bangalore,25-34
C1340,at_risk,Hyderabad,45-54
C1341,at_risk,Hyderabad,35-44
C1342,at_risk,Hyderabad,35-44
C1343,at_risk,Bangalore,35-44
C1344,at_risk,Bangalore,35-44
C1345,at_risk,Bangalore,25-34
C1346,at_risk,Bangalore,25-34
C1347,at_risk,Hyderabad,45-54
C1348,at_risk,Bangalore,45-54
C1349,at_risk,Hyderabad,25-34
C1350,at_risk,Bangalore,25-34
C1351,at_risk,Hyderabad,45-54
C1352,at_risk,Bangalore,45-54
C1353,at_risk,Hyderabad,45-54
C1354,at_risk,Hyderabad,45-54
C1355,at_risk,Hyderabad,35-44
C1356,at_risk,Hyderabad,25-34
C1357,at_risk,Hyderabad,35-44
C1358,at_risk,Bangalore,25-34
C1359,at_risk,Bangalore,35-44
C1360,at_risk,Bangalore,25-34
C1361,at_risk,Bangalore,25-34
C1362,at_risk,Hyderabad,35-44
C1363,at_risk,Bangalore,25-34
C1364,at_risk,Hyderabad,45-54
C1365,at_risk,Bangalore,45-54
C1366,at_risk,Hyderabad,25-34
C1367,at_risk,Hyderabad,45-54
C1368,at_risk,Hyderabad,25-34
C1369,at_risk,Hyderabad,25-34
C1370,at_risk,Bangalore,25-34
C1371,at_risk,Bangalore,35-44
C1372,at_risk,Bangalore,35-44
C1373,at_risk,Bangalore,35-44
C1374,at_risk,Bangalore,25-34
C1375,at_risk,Hyderabad,35-44
C1376,at_risk,Bangalore,25-34
C1377,at_risk,Bangalore,25-34
C1378,at_risk,Hyderabad,45-54
C1379,at_risk,Bangalore,35-44
C1380,at_risk,Bangalore,35-44
C1381,at_risk,Bangalore,25-34
C1382,at_risk,Bangalore,25-34
C1383,at_risk,Hyderabad,25-34
C1384,at_risk,Hyderabad,25-34
C1385,at_risk,Bangalore,25-34
C1386,at_risk,Hyderabad,45-54
C1387,at_risk,Bangalore,35-44
C1388,at_risk,Hyderabad,45-54
C1389,at_risk,Hyderabad,45-54
C1390,at_risk,Bangalore,35-44
C1391,at_risk,Hyderabad,25-34
C1392,at_risk,Hyderabad,25-34
C1393,at_risk,Bangalore,25-34
C1394,at_risk,Bangalore,45-54
C1395,at_risk,Hyderabad,25-34
C1396,at_risk,Bangalore,25-34
C1397,at_risk,Hyderabad,25-34
C1398,at_risk,Bangalore,25-34
C1399,at_risk,Hyderabad,25-34
C1400,at_risk,Hyderabad,45-54
C1401,at_risk,Hyderabad,35-44
C1402,at_risk,Hyderabad,25-34
C1403,at_risk,Hyderabad,45-54
C1404,at_risk,Hyderabad,35-44
C1405,at_risk,Hyderabad,35-44
C1406,at_risk,Bangalore,45-54
C1407,at_risk,Hyderabad,45-54
C1408,at_risk,Bangalore,35-44
C1409,at_risk,Bangalore,25-34
C1410,at_risk,Hyderabad,35-44
C1411,at_risk,Hyderabad,35-44
C1412,at_risk,Bangalore,45-54
C1413,at_risk,Hyderabad,45-54
C1414,at_risk,Bangalore,25-34
C1415,at_risk,Bangalore,35-44
C1416,at_risk,Hyderabad,45-54
C1417,at_risk,Hyderabad,45-54
C1418,at_risk,Bangalore,25-34
C1419,at_risk,Bangalore,45-54
C1420,at_risk,Bangalore,45-54
C1421,at_risk,Hyderabad,45-54
C1422,at_risk,Hyderabad,35-44
C1423,at_risk,Hyderabad,35-44
C1424,at_risk,Bangalore,45-54
C1425,at_risk,Hyderabad,25-34
C1426,at_risk,Hyderabad,25-34
C1427,at_risk,Hyderabad,35-44
C1428,at_risk,Bangalore,35-44
C1429,at_risk,Bangalore,45-54
C1430,at_risk,Hyderabad,45-54
C1431,at_risk,Hyderabad,35-44
C1432,at_risk,Bangalore,25-34
C1433,at_risk,Hyderabad,25-34
C1434,at_risk,Bangalore,45-54
C1435,at_risk,Hyderabad,35-44
C1436,at_risk,Bangalore,25-34
C1437,at_risk,Bangalore,35-44
C1438,at_risk,Hyderabad,45-54
C1439,at_risk,Bangalore,45-54
C1440,at_risk,Hyderabad,45-54
C1441,at_risk,Bangalore,35-44
C1442,at_risk,Hyderabad,25-34
C1443,at_risk,Hyderabad,45-54
C1444,at_risk,Hyderabad,45-54
C1445,at_risk,Hyderabad,25-34
C1446,at_risk,Hyderabad,45-54
C1447,at_risk,Bangalore,35-44
C1448,at_risk,Bangalore,35-44
C1449,at_risk,Hyderabad,45-54
C1450,at_risk,Bangalore,25-34
C1451,at_risk,Bangalore,25-34
C1452,at_risk,Bangalore,25-34
C1453,at_risk,Hyderabad,35-44
C1454,at_risk,Hyderabad,45-54
C1455,at_risk,Bangalore,35-44
C1456,at_risk,Bangalore,45-54
C1457,at_risk,Bangalore,25-34
C1458,at_risk,Bangalore,35-44
C1459,at_risk,Hyderabad,25-34
C1460,at_risk,Hyderabad,25-34
C1461,at_risk,Hyderabad,45-54
C1462,at_risk,Bangalore,35-44
C1463,at_risk,Bangalore,35-44
C1464,at_risk,Hyderabad,45-54
C1465,at_risk,Hyderabad,45-54
C1466,at_risk,Hyderabad,25-34
C1467,at_risk,Bangalore,25-34
C1468,at_risk,Bangalore,35-44
C1469,at_risk,Bangalore,45-54
C1470,at_risk,Bangalore,35-44
C1471,at_risk,Bangalore,25-34
C1472,at_risk,Hyderabad,45-54
C1473,at_risk,Hyderabad,35-44
C1474,at_risk,Hyderabad,35-44
C1475,at_risk,Hyderabad,25-34
C1476,at_risk,Hyderabad,25-34
C1477,at_risk,Bangalore,25-34
C1478,at_risk,Bangalore,35-44
C1479,at_risk,Bangalore,25-34
C1480,at_risk,Hyderabad,45-54
C1481,at_risk,Bangalore,35-44
C1482,at_risk,Bangalore,35-44
C1483,at_risk,Bangalore,25-34
C1484,at_risk,Bangalore,35-44
C1485,at_risk,Hyderabad,45-54
C1486,at_risk,Bangalore,45-54
C1487,at_risk,Bangalore,45-54
C1488,at_risk,Hyderabad,35-44
C1489,at_risk,Hyderabad,45-54
C1490,at_risk,Hyderabad,35-44
C1491,at_risk,Bangalore,25-34
C1492,at_risk,Hyderabad,35-44
C1493,at_risk,Hyderabad,25-34
C1494,at_risk,Hyderabad,25-34
C1495,at_risk,Hyderabad,35-44
C1496,at_risk,Bangalore,35-44
C1497,at_risk,Bangalore,25-34
C1498,at_risk,Hyderabad,45-54
C1499,at_risk,Hyderabad,25-34
C1500,at_risk,Hyderabad,35-44
C1501,at_risk,Hyderabad,35-44
C1502,at_risk,Hyderabad,45-54
C1503,at_risk,Bangalore,45-54
C1504,at_risk,Bangalore,25-34
C1505,at_risk,Hyderabad,35-44
C1506,at_risk,Hyderabad,25-34
C1507,at_risk,Bangalore,25-34
C1508,at_risk,Bangalore,45-54
C1509,at_risk,Bangalore,35-44
C1510,at_risk,Hyderabad,45-54
C1511,at_risk,Bangalore,25-34
C1512,at_risk,Hyderabad,25-34
C1513,at_risk,Bangalore,25-34
C1514,at_risk,Hyderabad,25-34
C1515,at_risk,Bangalore,25-34
C1516,at_risk,Bangalore,45-54
C1517,at_risk,Bangalore,45-54
C1518,at_risk,Bangalore,45-54
C1519,at_risk,Hyderabad,45-54
C1520,at_risk,Hyderabad,25-34
C1521,at_risk,Bangalore,25-34
C1522,at_risk,Bangalore,45-54
C1523,at_risk,Bangalore,45-54
C1524,at_risk,Bangalore,25-34
C1525,at_risk,Hyderabad,35-44
C1526,at_risk,Bangalore,35-44
C1527,at_risk,Bangalore,25-34
C1528,at_risk,Hyderabad,35-44
C1529,at_risk,Bangalore,25-34
C1530,at_risk,Bangalore,45-54
C1531,at_risk,Hyderabad,25-34
C1532,at_risk,Hyderabad,35-44
C1533,at_risk,Hyderabad,35-44
C1534,at_risk,Bangalore,35-44
C1535,at_risk,Hyderabad,45-54
C1536,at_risk,Hyderabad,45-54
C1537,at_risk,Bangalore,45-54
C1538,at_risk,Hyderabad,45-54
C1539,at_risk,Hyderabad,35-44
C1540,at_risk,Hyderabad,45-54
C1541,at_risk,Hyderabad,45-54
C1542,at_risk,Hyderabad,35-44
C1543,at_risk,Hyderabad,45-54
C1544,at_risk,Hyderabad,25-34
C1545,at_risk,Hyderabad,45-54
C1546,at_risk,Hyderabad,25-34
C1547,at_risk,Bangalore,45-54
C1548,at_risk,Hyderabad,25-34
C1549,at_risk,Hyderabad,35-44
C1550,at_risk,Bangalore,45-54
C1551,at_risk,Hyderabad,35-44
C1552,at_risk,Hyderabad,45-54
C1553,at_risk,Bangalore,25-34
C1554,at_risk,Bangalore,35-44
C1555,at_risk,Bangalore,35-44
C1556,at_risk,Bangalore,25-34
C1557,at_risk,Bangalore,45-54
C1558,at_risk,Bangalore,25-34
C1559,at_risk,Bangalore,45-54
C1560,at_risk,Bangalore,25-34
C1561,at_risk,Bangalore,35-44
C1562,at_risk,Bangalore,25-34
C1563,at_risk,Bangalore,45-54
C1564,at_risk,Hyderabad,35-44
C1565,at_risk,Bangalore,25-34
C1566,at_risk,Bangalore,25-34
C1567,at_risk,Hyderabad,25-34
C1568,at_risk,Hyderabad,25-34
C1569,at_risk,Hyderabad,45-54
C1570,at_risk,Bangalore,35-44
C1571,at_risk,Bangalore,25-34
C1572,at_risk,Bangalore,45-54
C1573,at_risk,Bangalore,35-44
C1574,at_risk,Bangalore,35-44
C1575,at_risk,Hyderabad,25-34
C1576,at_risk,Hyderabad,45-54
C1577,at_risk,Hyderabad,25-34
C1578,at_risk,Hyderabad,25-34
C1579,at_risk,Hyderabad,35-44
C1580,at_risk,Bangalore,25-34
C1581,at_risk,Hyderabad,25-34
C1582,at_risk,Hyderabad,35-44
C1583,at_risk,Hyderabad,25-34
C1584,at_risk,Hyderabad,45-54
C1585,at_risk,Hyderabad,25-34
C1586,at_risk,Hyderabad,35-44
C1587,at_risk,Hyderabad,45-54
C1588,at_risk,Bangalore,45-54
C1589,at_risk,Bangalore,25-34
C1590,at_risk,Hyderabad,25-34
C1591,at_risk,Bangalore,35-44
C1592,at_risk,Hyderabad,45-54
C1593,at_risk,Bangalore,25-34
C1594,at_risk,Bangalore,45-54
C1595,at_risk,Hyderabad,25-34
C1596,at_risk,Hyderabad,25-34
C1597,at_risk,Bangalore,25-34
C1598,at_risk,Hyderabad,35-44
C1599,at_risk,Bangalore,45-54
C1600,at_risk,Bangalore,25-34
C1601,churned,Bangalore,25-34
C1602,churned,Hyderabad,35-44
C1603,churned,Hyderabad,25-34
C1604,churned,Bangalore,45-54
C1605,churned,Hyderabad,35-44
C1606,churned,Bangalore,45-54
C1607,churned,Bangalore,25-34
C1608,churned,Hyderabad,35-44
C1609,churned,Hyderabad,35-44
C1610,churned,Bangalore,25-34
C1611,churned,Bangalore,25-34
C1612,churned,Bangalore,25-34
C1613,churned,Hyderabad,25-34
C1614,churned,Hyderabad,45-54
C1615,churned,Hyderabad,35-44
C1616,churned,Bangalore,45-54
C1617,churned,Bangalore,25-34
C1618,churned,Bangalore,25-34
C1619,churned,Bangalore,25-34
C1620,churned,Hyderabad,45-54
C1621,churned,Hyderabad,25-34
C1622,churned,Bangalore,35-44
C1623,churned,Hyderabad,25-34
C1624,churned,Hyderabad,25-34
C1625,churned,Hyderabad,25-34
C1626,churned,Bangalore,25-34
C1627,churned,Hyderabad,25-34
C1628,churned,Bangalore,35-44
C1629,churned,Bangalore,35-44
C1630,churned,Hyderabad,45-54
C1631,churned,Hyderabad,35-44
C1632,churned,Bangalore,25-34
C1633,churned,Bangalore,35-44
C1634,churned,Bangalore,25-34
C1635,churned,Hyderabad,35-44
C1636,churned,Hyderabad,25-34
C1637,churned,Bangalore,45-54
C1638,churned,Hyderabad,25-34
C1639,churned,Hyderabad,25-34
C1640,churned,Bangalore,25-34
C1641,churned,Hyderabad,45-54
C1642,churned,Hyderabad,45-54
C1643,churned,Bangalore,45-54
C1644,churned,Bangalore,25-34
C1645,churned,Hyderabad,45-54
C1646,churned,Hyderabad,45-54
C1647,churned,Bangalore,45-54
C1648,churned,Bangalore,45-54
C1649,churned,Bangalore,25-34
C1650,churned,Hyderabad,45-54
C1651,churned,Hyderabad,45-54
C1652,churned,Bangalore,25-34
C1653,churned,Hyderabad,25-34
C1654,churned,Bangalore,35-44
C1655,churned,Bangalore,35-44
C1656,churned,Bangalore,35-44
C1657,churned,Bangalore,25-34
C1658,churned,Hyderabad,25-34
C1659,churned,Bangalore,35-44
C1660,churned,Hyderabad,25-34
C1661,churned,Bangalore,25-34
C1662,churned,Bangalore,25-34
C1663,churned,Hyderabad,45-54
C1664,churned,Bangalore,35-44
C1665,churned,Bangalore,45-54
C1666,churned,Hyderabad,25-34
C1667,churned,Hyderabad,45-54
C1668,churned,Bangalore,45-54
C1669,churned,Bangalore,35-44
C1670,churned,Bangalore,35-44
C1671,churned,Bangalore,35-44
C1672,churned,Hyderabad,45-54
C1673,churned,Bangalore,45-54
C1674,churned,Hyderabad,35-44
C1675,churned,Hyderabad,25-34
C1676,churned,Bangalore,35-44
C1677,churned,Bangalore,45-54
C1678,churned,Bangalore,25-34
C1679,churned,Bangalore,45-54
C1680,churned,Bangalore,45-54
C1681,churned,Bangalore,45-54
C1682,churned,Hyderabad,35-44
C1683,churned,Hyderabad,25-34
C1684,churned,Bangalore,35-44
C1685,churned,Hyderabad,45-54
C1686,churned,Bangalore,45-54
C1687,churned,Hyderabad,25-34
C1688,churned,Bangalore,35-44
C1689,churned,Hyderabad,35-44
C1690,churned,Hyderabad,35-44
C1691,churned,Bangalore,35-44
C1692,churned,Hyderabad,25-34
C1693,churned,Hyderabad,35-44
C1694,churned,Hyderabad,45-54
C1695,churned,Bangalore,35-44
C1696,churned,Hyderabad,25-34
C1697,churned,Hyderabad,25-34
C1698,churned,Hyderabad,45-54
C1699,churned,Hyderabad,25-34
C1700,churned,Bangalore,45-54
C1701,churned,Bangalore,35-44
C1702,churned,Hyderabad,25-34
C1703,churned,Hyderabad,45-54
C1704,churned,Bangalore,35-44
C1705,churned,Hyderabad,45-54
C1706,churned,Bangalore,25-34
C1707,churned,Bangalore,35-44
C1708,churned,Hyderabad,25-34
C1709,churned,Hyderabad,35-44
C1710,churned,Bangalore,25-34
C1711,churned,Hyderabad,25-34
C1712,churned,Hyderabad,35-44
C1713,churned,Bangalore,35-44
C1714,churned,Hyderabad,35-44
C1715,churned,Bangalore,25-34
C1716,churned,Bangalore,45-54
C1717,churned,Hyderabad,25-34
C1718,churned,Hyderabad,45-54
C1719,churned,Hyderabad,45-54
C1720,churned,Hyderabad,45-54
C1721,churned,Bangalore,45-54
C1722,churned,Hyderabad,45-54
C1723,churned,Hyderabad,25-34
C1724,churned,Bangalore,25-34
C1725,churned,Bangalore,25-34
C1726,churned,Hyderabad,45-54
C1727,churned,Bangalore,25-34
C1728,churned,Bangalore,45-54
C1729,churned,Bangalore,25-34
C1730,churned,Hyderabad,35-44
C1731,churned,Bangalore,45-54
C1732,churned,Hyderabad,25-34
C1733,churned,Hyderabad,25-34
C1734,churned,Hyderabad,45-54
C1735,churned,Bangalore,45-54
C1736,churned,Hyderabad,25-34
C1737,churned,Hyderabad,35-44
C1738,churned,Hyderabad,25-34
C1739,churned,Bangalore,35-44
C1740,churned,Hyderabad,45-54
C1741,churned,Bangalore,35-44
C1742,churned,Hyderabad,35-44
C1743,churned,Hyderabad,35-44
C1744,churned,Bangalore,35-44
C1745,churned,Bangalore,35-44
C1746,churned,Hyderabad,25-34
C1747,churned,Bangalore,45-54
C1748,churned,Bangalore,45-54
C1749,churned,Hyderabad,25-34
C1750,churned,Bangalore,25-34
C1751,churned,Bangalore,35-44
C1752,churned,Hyderabad,25-34
C1753,churned,Bangalore,45-54
C1754,churned,Bangalore,35-44
C1755,churned,Bangalore,45-54
C1756,churned,Bangalore,35-44
C1757,churned,Bangalore,45-54
C1758,churned,Hyderabad,25-34
C1759,churned,Bangalore,25-34
C1760,churned,Bangalore,25-34
C1761,churned,Hyderabad,25-34
C1762,churned,Bangalore,35-44
C1763,churned,Bangalore,25-34
C1764,churned,Bangalore,35-44
C1765,churned,Hyderabad,25-34
C1766,churned,Bangalore,35-44
C1767,churned,Bangalore,25-34
C1768,churned,Bangalore,25-34
C1769,churned,Bangalore,45-54
C1770,churned,Bangalore,25-34
C1771,churned,Hyderabad,25-34
C1772,churned,Hyderabad,45-54
C1773,churned,Bangalore,35-44
C1774,churned,Hyderabad,35-44
C1775,churned,Bangalore,45-54
C1776,churned,Hyderabad,35-44
C1777,churned,Bangalore,25-34
C1778,churned,Bangalore,25-34
C1779,churned,Bangalore,45-54
C1780,churned,Hyderabad,45-54
C1781,churned,Hyderabad,45-54
C1782,churned,Hyderabad,45-54
C1783,churned,Bangalore,35-44
C1784,churned,Hyderabad,35-44
C1785,churned,Bangalore,45-54
C1786,churned,Hyderabad,45-54
C1787,churned,Hyderabad,25-34
C1788,churned,Bangalore,45-54
C1789,churned,Bangalore,25-34
C1790,churned,Hyderabad,35-44
C1791,churned,Hyderabad,45-54
C1792,churned,Bangalore,45-54
C1793,churned,Bangalore,45-54
C1794,churned,Bangalore,35-44
C1795,churned,Bangalore,45-54
C1796,churned,Bangalore,25-34
C1797,churned,Hyderabad,25-34
C1798,churned,Bangalore,45-54
C1799,churned,Hyderabad,45-54
C1800,churned,Bangalore,45-54
C1801,churned,Bangalore,35-44
C1802,churned,Hyderabad,35-44
C1803,churned,Bangalore,45-54
C1804,churned,Bangalore,45-54
C1805,churned,Bangalore,35-44
C1806,churned,Hyderabad,35-44
C1807,churned,Hyderabad,25-34
C1808,churned,Hyderabad,35-44
C1809,churned,Bangalore,35-44
C1810,churned,Bangalore,25-34
C1811,churned,Bangalore,45-54
C1812,churned,Bangalore,25-34
C1813,churned,Bangalore,25-34
C1814,churned,Hyderabad,25-34
C1815,churned,Hyderabad,45-54
C1816,churned,Hyderabad,45-54
C1817,churned,Bangalore,35-44
C1818,churned,Hyderabad,35-44
C1819,churned,Hyderabad,45-54
C1820,churned,Bangalore,45-54
C1821,churned,Bangalore,35-44
C1822,churned,Bangalore,25-34
C1823,churned,Hyderabad,45-54
C1824,churned,Bangalore,25-34
C1825,churned,Hyderabad,35-44
C1826,churned,Hyderabad,25-34
C1827,churned,Bangalore,45-54
C1828,churned,Bangalore,45-54
C1829,churned,Bangalore,25-34
C1830,churned,Bangalore,25-34
C1831,churned,Hyderabad,25-34
C1832,churned,Hyderabad,45-54
C1833,churned,Hyderabad,35-44
C1834,churned,Bangalore,45-54
C1835,churned,Bangalore,45-54
C1836,churned,Hyderabad,45-54
C1837,churned,Bangalore,25-34
C1838,churned,Hyderabad,45-54
C1839,churned,Hyderabad,25-34
C1840,churned,Bangalore,25-34
C1841,churned,Bangalore,35-44
C1842,churned,Bangalore,25-34
C1843,churned,Bangalore,25-34
C1844,churned,Bangalore,25-34
C1845,churned,Hyderabad,25-34
C1846,churned,Bangalore,25-34
C1847,churned,Hyderabad,25-34
C1848,churned,Bangalore,25-34
C1849,churned,Hyderabad,25-34
C1850,churned,Bangalore,45-54
C1851,churned,Hyderabad,45-54
C1852,churned,Bangalore,25-34
C1853,churned,Hyderabad,35-44
C1854,churned,Bangalore,35-44
C1855,churned,Hyderabad,35-44
C1856,churned,Hyderabad,25-34
C1857,churned,Bangalore,25-34
C1858,churned,Bangalore,25-34
C1859,churned,Hyderabad,35-44
C1860,churned,Hyderabad,25-34
C1861,churned,Hyderabad,45-54
C1862,churned,Bangalore,25-34
C1863,churned,Hyderabad,45-54
C1864,churned,Bangalore,25-34
C1865,churned,Hyderabad,45-54
C1866,churned,Bangalore,35-44
C1867,churned,Hyderabad,25-34
C1868,churned,Hyderabad,25-34
C1869,churned,Bangalore,35-44
C1870,churned,Bangalore,45-54
C1871,churned,Bangalore,25-34
C1872,churned,Bangalore,35-44
C1873,churned,Bangalore,25-34
C1874,churned,Hyderabad,25-34
C1875,churned,Bangalore,45-54
C1876,churned,Hyderabad,35-44
C1877,churned,Hyderabad,25-34
C1878,churned,Hyderabad,25-34
C1879,churned,Hyderabad,25-34
C1880,churned,Bangalore,35-44
C1881,churned,Hyderabad,25-34
C1882,churned,Hyderabad,25-34
C1883,churned,Bangalore,25-34
C1884,churned,Bangalore,25-34
C1885,churned,Bangalore,25-34
C1886,churned,Hyderabad,45-54
C1887,churned,Hyderabad,25-34
C1888,churned,Bangalore,45-54
C1889,churned,Hyderabad,25-34
C1890,churned,Bangalore,35-44
C1891,churned,Bangalore,35-44
C1892,churned,Hyderabad,25-34
C1893,churned,Hyderabad,25-34
C1894,churned,Hyderabad,35-44
C1895,churned,Bangalore,45-54
C1896,churned,Hyderabad,35-44
C1897,churned,Bangalore,45-54
C1898,churned,Hyderabad,35-44
C1899,churned,Bangalore,25-34
C1900,churned,Bangalore,25-34
C1901,churned,Bangalore,25-34
C1902,churned,Bangalore,25-34
C1903,churned,Bangalore,45-54
C1904,churned,Hyderabad,25-34
C1905,churned,Bangalore,35-44
C1906,churned,Hyderabad,35-44
C1907,churned,Hyderabad,35-44
C1908,churned,Bangalore,35-44
C1909,churned,Bangalore,25-34
C1910,churned,Bangalore,45-54
C1911,churned,Bangalore,35-44
C1912,churned,Hyderabad,25-34
C1913,churned,Bangalore,25-34
C1914,churned,Bangalore,25-34
C1915,churned,Hyderabad,45-54
C1916,churned,Hyderabad,25-34
C1917,churned,Bangalore,45-54
C1918,churned,Bangalore,35-44
C1919,churned,Bangalore,45-54
C1920,churned,Bangalore,45-54
C1921,churned,Hyderabad,35-44
C1922,churned,Bangalore,25-34
C1923,churned,Hyderabad,25-34
C1924,churned,Hyderabad,35-44
C1925,churned,Hyderabad,45-54
C1926,churned,Hyderabad,45-54
C1927,churned,Hyderabad,35-44
C1928,churned,Hyderabad,45-54
C1929,churned,Bangalore,25-34
C1930,churned,Hyderabad,25-34
C1931,churned,Hyderabad,25-34
C1932,churned,Bangalore,35-44
C1933,churned,Hyderabad,35-44
C1934,churned,Bangalore,45-54
C1935,churned,Bangalore,25-34
C1936,churned,Bangalore,35-44
C1937,churned,Hyderabad,35-44
C1938,churned,Hyderabad,25-34
C1939,churned,Bangalore,35-44
C1940,churned,Bangalore,25-34
C1941,churned,Hyderabad,25-34
C1942,churned,Bangalore,35-44
C1943,churned,Hyderabad,35-44
C1944,churned,Hyderabad,35-44
C1945,churned,Bangalore,35-44
C1946,churned,Bangalore,25-34
C1947,churned,Bangalore,35-44
C1948,churned,Bangalore,25-34
C1949,churned,Hyderabad,45-54
C1950,churned,Hyderabad,45-54
C1951,churned,Bangalore,35-44
C1952,churned,Bangalore,25-34
C1953,churned,Hyderabad,25-34
C1954,churned,Bangalore,35-44
C1955,churned,Hyderabad,45-54
C1956,churned,Hyderabad,25-34
C1957,churned,Hyderabad,35-44
C1958,churned,Hyderabad,45-54
C1959,churned,Hyderabad,45-54
C1960,churned,Hyderabad,25-34
C1961,churned,Hyderabad,45-54
C1962,churned,Bangalore,35-44
C1963,churned,Bangalore,45-54
C1964,churned,Hyderabad,45-54
C1965,churned,Bangalore,35-44
C1966,churned,Hyderabad,25-34
C1967,churned,Hyderabad,45-54
C1968,churned,Hyderabad,45-54
C1969,churned,Hyderabad,35-44
C1970,churned,Hyderabad,25-34
C1971,churned,Bangalore,45-54
C1972,churned,Bangalore,35-44
C1973,churned,Hyderabad,45-54
C1974,churned,Hyderabad,25-34
C1975,churned,Bangalore,25-34
C1976,churned,Bangalore,25-34
C1977,churned,Hyderabad,45-54
C1978,churned,Hyderabad,25-34
C1979,churned,Bangalore,35-44
C1980,churned,Hyderabad,45-54
C1981,churned,Bangalore,25-34
C1982,churned,Bangalore,35-44
C1983,churned,Bangalore,45-54
C1984,churned,Bangalore,45-54
C1985,churned,Bangalore,45-54
C1986,churned,Hyderabad,45-54
C1987,churned,Bangalore,45-54
C1988,churned,Bangalore,45-54
C1989,churned,Hyderabad,25-34
C1990,churned,Bangalore,45-54
C1991,churned,Bangalore,25-34
C1992,churned,Bangalore,25-34
C1993,churned,Hyderabad,45-54
C1994,churned,Hyderabad,25-34
C1995,churned,Hyderabad,35-44
C1996,churned,Hyderabad,45-54
C1997,churned,Hyderabad,35-44
C1998,churned,Hyderabad,35-44
C1999,churned,Bangalore,25-34
C2000,churned,Hyderabad,25-34
